OrderID,DateOrdered,Quantity,FanId,ProdId,UnitCost,UnitPrice
12817,12/30/23,7,FAN-7404798,PROD-0001,179.52034820781353,199.99
13049,12/14/23,7,FAN-6217413,PROD-0002,907.2257047282334,999.99
13049,12/14/23,4,FAN-6217413,PROD-0003,79.61819129335969,99.99
13049,12/14/23,6,FAN-6217413,PROD-0004,12.044914353605193,14.99
13049,12/14/23,8,FAN-6217413,PROD-0005,1676.6318197259493,1999.99
13491,11/8/23,9,FAN-8143164,PROD-0006,206.83160803817884,249.99
15201,8/20/23,7,FAN-1280995,PROD-0007,193.14477895134206,249.99
19314,12/14/23,2,FAN-7404798,PROD-0008,86.6922386214249,99.99
19489,11/14/23,4,FAN-6710162,PROD-0009,19.315838987305185,19.99
21917,1/2/24,7,FAN-3752631,PROD-0010,20.605001048309695,24.99
22713,12/21/23,1,FAN-2373198,PROD-0011,266.08232860839706,299.99
26976,10/16/23,6,FAN-6619778,PROD-0012,15.532412302036882,19.99
26976,10/16/23,9,FAN-6619778,PROD-0013,93.42973567798724,99.99
29276,12/27/23,4,FAN-6619778,PROD-0014,19.46204980055991,21.50990900274498
31699,1/14/24,2,FAN-3152141,PROD-0015,224.9405767939885,249.99
31787,10/6/23,2,FAN-1080305,PROD-0016,62.07014075419478,79.99
31909,11/3/23,4,FAN-1799995,PROD-0017,8.529106560103418,9.99
32962,12/2/23,3,FAN-9660505,PROD-0018,23.526938647130457,29.99
33553,10/28/23,1,FAN-8145102,PROD-0019,7.647176359139889,9.99
34167,10/19/23,5,FAN-2267294,PROD-0020,97.48146457054014,98.40334003377754
35504,1/5/24,2,FAN-7160701,PROD-0001,179.52034820781353,199.99
35504,1/5/24,7,FAN-7160701,PROD-0002,907.2257047282334,953.3824048764675
35504,1/5/24,9,FAN-7160701,PROD-0003,79.61819129335969,99.99
35504,1/5/24,1,FAN-7160701,PROD-0004,12.044914353605193,14.99
35504,1/5/24,4,FAN-7160701,PROD-0005,1676.6318197259493,1910.5971385674602
36268,8/24/23,3,FAN-2128618,PROD-0006,206.83160803817884,221.11697371701203
36268,8/24/23,9,FAN-2128618,PROD-0007,193.14477895134206,230.8911448421349
36268,8/24/23,5,FAN-2128618,PROD-0008,86.6922386214249,95.50640540010276
36268,8/24/23,1,FAN-2128618,PROD-0009,19.315838987305185,19.99
36268,8/24/23,2,FAN-2128618,PROD-0010,20.605001048309695,24.99
36268,8/24/23,4,FAN-2128618,PROD-0011,266.08232860839706,277.97574293571813
36268,8/24/23,8,FAN-2128618,PROD-0012,15.532412302036882,19.99
36268,8/24/23,7,FAN-2128618,PROD-0013,93.42973567798724,95.61346458947065
39533,11/19/23,6,FAN-6246845,PROD-0014,19.46204980055991,24.99
43788,11/18/23,2,FAN-6213345,PROD-0015,224.9405767939885,249.99
43788,11/18/23,3,FAN-6213345,PROD-0016,62.07014075419478,79.99
43869,12/31/23,3,FAN-6213345,PROD-0017,8.529106560103418,9.99
43869,12/31/23,5,FAN-6213345,PROD-0018,23.526938647130457,26.731338196024858
47986,11/19/23,8,FAN-6217465,PROD-0019,7.647176359139889,9.99
48074,1/19/24,8,FAN-6120777,PROD-0020,97.48146457054014,98.40334003377754
49716,8/22/23,6,FAN-9243232,PROD-0001,179.52034820781353,189.8958145558506
50489,10/13/23,4,FAN-5630273,PROD-0002,907.2257047282334,999.99
53513,11/21/23,4,FAN-9753719,PROD-0003,79.61819129335969,99.99
53513,11/21/23,1,FAN-9753719,PROD-0004,12.044914353605193,13.599503886850576
53513,11/21/23,7,FAN-9753719,PROD-0005,1676.6318197259493,1999.99
53627,2/4/24,7,FAN-9753719,PROD-0006,206.83160803817884,249.99
55306,12/12/23,2,FAN-5616515,PROD-0007,193.14477895134206,249.99
55728,12/10/23,8,FAN-8731778,PROD-0008,86.6922386214249,99.99
61064,12/13/23,7,FAN-6610302,PROD-0009,19.315838987305185,19.99
61319,9/7/23,9,FAN-5380231,PROD-0010,20.605001048309695,24.99
62001,11/23/23,1,FAN-7471670,PROD-0011,266.08232860839706,299.99
72715,8/27/23,5,FAN-9753719,PROD-0012,15.532412302036882,16.853492203853268
72715,8/27/23,3,FAN-9753719,PROD-0013,93.42973567798724,95.61346458947065
77058,11/21/23,2,FAN-2584299,PROD-0014,19.46204980055991,21.50990900274498
79325,8/27/23,4,FAN-8198382,PROD-0015,224.9405767939885,249.99
82280,1/25/24,9,FAN-1031599,PROD-0016,62.07014075419478,79.99
84112,10/27/23,3,FAN-1822456,PROD-0017,8.529106560103418,9.99
84112,10/27/23,3,FAN-1822456,PROD-0018,23.526938647130457,29.99
84112,10/27/23,3,FAN-1822456,PROD-0019,7.647176359139889,9.99
84718,9/12/23,5,FAN-8143164,PROD-0020,97.48146457054014,99.99
84718,9/12/23,7,FAN-8143164,PROD-0001,179.52034820781353,199.99
84718,9/12/23,5,FAN-8143164,PROD-0002,907.2257047282334,999.99
89621,2/10/24,2,FAN-9910621,PROD-0003,79.61819129335969,99.99
93753,12/15/23,9,FAN-2811958,PROD-0004,12.044914353605193,14.99
94391,9/27/23,7,FAN-5857056,PROD-0005,1676.6318197259493,1910.5971385674602
95673,9/7/23,5,FAN-1077692,PROD-0006,206.83160803817884,221.11697371701203
95911,1/10/24,3,FAN-7265098,PROD-0007,193.14477895134206,249.99
99868,11/1/23,2,FAN-3752631,PROD-0008,86.6922386214249,95.50640540010276
99868,11/1/23,9,FAN-3752631,PROD-0009,19.315838987305185,19.586316507770505
104620,10/5/23,5,FAN-1960402,PROD-0010,20.605001048309695,24.99
107303,8/26/23,1,FAN-5475271,PROD-0011,266.08232860839706,299.99
110995,12/26/23,6,FAN-6712707,PROD-0012,15.532412302036882,19.99
111097,11/3/23,6,FAN-7405266,PROD-0013,93.42973567798724,95.61346458947065
113328,11/21/23,5,FAN-7575571,PROD-0014,19.46204980055991,24.99
114482,2/7/24,7,FAN-1389636,PROD-0015,224.9405767939885,249.99
114602,11/10/23,5,FAN-1881461,PROD-0016,62.07014075419478,79.99
115682,8/14/23,1,FAN-4443492,PROD-0017,8.529106560103418,9.055179071488306
116889,9/6/23,9,FAN-9834315,PROD-0018,23.526938647130457,29.99
117399,9/27/23,8,FAN-2720996,PROD-0019,7.647176359139889,9.99
118984,2/2/24,3,FAN-8780478,PROD-0020,97.48146457054014,99.99
119140,1/12/24,8,FAN-8145102,PROD-0001,179.52034820781353,199.99
119140,1/12/24,5,FAN-8145102,PROD-0002,907.2257047282334,999.99
121780,11/5/23,1,FAN-1940543,PROD-0003,79.61819129335969,99.99
125122,10/1/23,3,FAN-8293439,PROD-0004,12.044914353605193,14.99
125300,12/5/23,4,FAN-8780478,PROD-0005,1676.6318197259493,1999.99
125300,12/5/23,2,FAN-8780478,PROD-0006,206.83160803817884,249.99
125300,12/5/23,6,FAN-8780478,PROD-0007,193.14477895134206,249.99
125300,12/5/23,2,FAN-8780478,PROD-0008,86.6922386214249,99.99
125300,12/5/23,4,FAN-8780478,PROD-0009,19.315838987305185,19.99
125300,12/5/23,8,FAN-8780478,PROD-0010,20.605001048309695,23.263587236990368
125300,12/5/23,5,FAN-8780478,PROD-0011,266.08232860839706,277.97574293571813
125300,12/5/23,1,FAN-8780478,PROD-0012,15.532412302036882,19.99
127769,10/29/23,7,FAN-5092760,PROD-0013,93.42973567798724,99.99
128155,10/18/23,6,FAN-7923265,PROD-0014,19.46204980055991,24.99
130934,12/13/23,5,FAN-6851460,PROD-0015,224.9405767939885,236.0136574124594
131563,11/3/23,2,FAN-1239497,PROD-0016,62.07014075419478,79.99
131758,12/16/23,4,FAN-3982094,PROD-0017,8.529106560103418,9.055179071488306
135630,12/9/23,6,FAN-3003222,PROD-0018,23.526938647130457,29.99
138272,9/9/23,7,FAN-2522326,PROD-0019,7.647176359139889,9.99
140896,11/4/23,9,FAN-8391028,PROD-0020,97.48146457054014,99.99
141967,12/1/23,3,FAN-6217413,PROD-0001,179.52034820781353,199.99
141967,12/1/23,4,FAN-6217413,PROD-0002,907.2257047282334,999.99
141967,12/1/23,5,FAN-6217413,PROD-0003,79.61819129335969,99.99
141967,12/1/23,5,FAN-6217413,PROD-0004,12.044914353605193,14.99
143235,10/5/23,8,FAN-8971591,PROD-0005,1676.6318197259493,1910.5971385674602
144245,9/19/23,2,FAN-2010771,PROD-0006,206.83160803817884,249.99
147953,12/15/23,6,FAN-8994678,PROD-0007,193.14477895134206,249.99
149133,11/19/23,5,FAN-9526001,PROD-0008,86.6922386214249,99.99
150535,10/24/23,7,FAN-5092760,PROD-0009,19.315838987305185,19.99
150535,10/24/23,3,FAN-5092760,PROD-0010,20.605001048309695,24.99
150535,10/24/23,3,FAN-5092760,PROD-0011,266.08232860839706,299.99
150535,10/24/23,2,FAN-5092760,PROD-0012,15.532412302036882,19.99
150535,10/24/23,3,FAN-5092760,PROD-0013,93.42973567798724,99.99
150535,10/24/23,9,FAN-5092760,PROD-0014,19.46204980055991,21.50990900274498
150705,11/24/23,5,FAN-4846480,PROD-0015,224.9405767939885,249.99
151114,12/22/23,9,FAN-8971591,PROD-0016,62.07014075419478,79.99
151114,12/22/23,5,FAN-8971591,PROD-0017,8.529106560103418,9.99
151114,12/22/23,7,FAN-8971591,PROD-0018,23.526938647130457,29.99
151114,12/22/23,2,FAN-8971591,PROD-0019,7.647176359139889,9.99
151114,12/22/23,6,FAN-8971591,PROD-0020,97.48146457054014,98.40334003377754
151114,12/22/23,1,FAN-8971591,PROD-0001,179.52034820781353,199.99
151114,12/22/23,8,FAN-8971591,PROD-0002,907.2257047282334,999.99
151114,12/22/23,4,FAN-8971591,PROD-0003,79.61819129335969,99.99
154192,12/17/23,2,FAN-3033395,PROD-0004,12.044914353605193,14.99
154768,12/5/23,7,FAN-2381532,PROD-0005,1676.6318197259493,1999.99
158647,12/29/23,6,FAN-2792670,PROD-0006,206.83160803817884,249.99
159025,2/2/24,2,FAN-4876744,PROD-0007,193.14477895134206,249.99
160181,11/24/23,2,FAN-3033395,PROD-0008,86.6922386214249,95.50640540010276
160181,11/24/23,1,FAN-3033395,PROD-0009,19.315838987305185,19.99
160181,11/24/23,1,FAN-3033395,PROD-0010,20.605001048309695,24.99
160181,11/24/23,5,FAN-3033395,PROD-0011,266.08232860839706,299.99
172217,1/6/24,7,FAN-9255968,PROD-0012,15.532412302036882,16.853492203853268
172217,1/6/24,5,FAN-9255968,PROD-0013,93.42973567798724,95.61346458947065
172217,1/6/24,9,FAN-9255968,PROD-0014,19.46204980055991,24.99
173310,10/17/23,4,FAN-1609646,PROD-0015,224.9405767939885,249.99
173310,10/17/23,2,FAN-1609646,PROD-0016,62.07014075419478,79.99
173310,10/17/23,3,FAN-1609646,PROD-0017,8.529106560103418,9.99
173310,10/17/23,2,FAN-1609646,PROD-0018,23.526938647130457,29.99
173310,10/17/23,8,FAN-1609646,PROD-0019,7.647176359139889,9.99
173310,10/17/23,8,FAN-1609646,PROD-0020,97.48146457054014,99.99
173310,10/17/23,5,FAN-1609646,PROD-0001,179.52034820781353,199.99
173310,10/17/23,2,FAN-1609646,PROD-0002,907.2257047282334,999.99
174903,11/29/23,3,FAN-9144735,PROD-0003,79.61819129335969,99.99
176919,11/1/23,6,FAN-3248800,PROD-0004,12.044914353605193,13.599503886850576
179596,12/18/23,6,FAN-9701199,PROD-0005,1676.6318197259493,1999.99
180784,10/28/23,6,FAN-1372955,PROD-0006,206.83160803817884,249.99
184799,10/7/23,1,FAN-8259192,PROD-0007,193.14477895134206,249.99
184871,1/21/24,4,FAN-1880545,PROD-0008,86.6922386214249,95.50640540010276
198548,9/6/23,3,FAN-1394118,PROD-0009,19.315838987305185,19.99
199905,9/2/23,9,FAN-9445680,PROD-0010,20.605001048309695,24.99
201163,2/10/24,2,FAN-3848921,PROD-0011,266.08232860839706,299.99
203852,1/6/24,8,FAN-4653087,PROD-0012,15.532412302036882,16.853492203853268
204085,12/20/23,8,FAN-1794102,PROD-0013,93.42973567798724,95.61346458947065
205089,9/1/23,9,FAN-3949120,PROD-0014,19.46204980055991,24.99
205837,8/31/23,6,FAN-3884983,PROD-0015,224.9405767939885,236.0136574124594
206196,1/23/24,9,FAN-4064652,PROD-0016,62.07014075419478,67.76229223393274
206196,1/23/24,7,FAN-4064652,PROD-0017,8.529106560103418,9.99
208929,11/9/23,3,FAN-2815399,PROD-0018,23.526938647130457,29.99
208929,11/9/23,8,FAN-2815399,PROD-0019,7.647176359139889,9.99
208929,11/9/23,6,FAN-2815399,PROD-0020,97.48146457054014,99.99
211525,8/26/23,1,FAN-5094783,PROD-0001,179.52034820781353,199.99
213402,11/4/23,6,FAN-5296137,PROD-0002,907.2257047282334,999.99
213402,11/4/23,9,FAN-5296137,PROD-0003,79.61819129335969,99.99
213402,11/4/23,1,FAN-5296137,PROD-0004,12.044914353605193,14.99
213686,11/12/23,3,FAN-8158333,PROD-0005,1676.6318197259493,1999.99
213743,9/1/23,3,FAN-1029453,PROD-0006,206.83160803817884,249.99
220901,12/25/23,1,FAN-6322324,PROD-0007,193.14477895134206,230.8911448421349
221061,10/20/23,3,FAN-3312849,PROD-0008,86.6922386214249,99.99
221574,10/26/23,9,FAN-9065391,PROD-0009,19.315838987305185,19.99
221574,10/26/23,4,FAN-9065391,PROD-0010,20.605001048309695,24.99
221574,10/26/23,5,FAN-9065391,PROD-0011,266.08232860839706,299.99
221574,10/26/23,2,FAN-9065391,PROD-0012,15.532412302036882,19.99
221574,10/26/23,7,FAN-9065391,PROD-0013,93.42973567798724,99.99
224923,1/5/24,2,FAN-9065391,PROD-0014,19.46204980055991,24.99
225110,8/28/23,9,FAN-9065391,PROD-0015,224.9405767939885,249.99
225110,8/28/23,5,FAN-9065391,PROD-0016,62.07014075419478,79.99
225110,8/28/23,4,FAN-9065391,PROD-0017,8.529106560103418,9.99
228882,10/26/23,5,FAN-3480833,PROD-0018,23.526938647130457,29.99
228882,10/26/23,5,FAN-3480833,PROD-0019,7.647176359139889,8.754691618584964
229128,2/7/24,9,FAN-5641799,PROD-0020,97.48146457054014,99.99
229377,1/9/24,1,FAN-1509417,PROD-0001,179.52034820781353,189.8958145558506
230305,1/26/24,7,FAN-9255968,PROD-0002,907.2257047282334,999.99
232292,12/16/23,2,FAN-1609646,PROD-0003,79.61819129335969,89.22543649382212
232965,12/28/23,2,FAN-4631058,PROD-0004,12.044914353605193,14.99
236858,12/26/23,7,FAN-8877754,PROD-0005,1676.6318197259493,1999.99
239164,10/29/23,5,FAN-8546429,PROD-0006,206.83160803817884,221.11697371701203
239164,10/29/23,6,FAN-8546429,PROD-0007,193.14477895134206,249.99
239323,11/6/23,5,FAN-6443902,PROD-0008,86.6922386214249,99.99
239323,11/6/23,6,FAN-6443902,PROD-0009,19.315838987305185,19.99
239323,11/6/23,1,FAN-6443902,PROD-0010,20.605001048309695,24.99
239323,11/6/23,3,FAN-6443902,PROD-0011,266.08232860839706,299.99
239323,11/6/23,9,FAN-6443902,PROD-0012,15.532412302036882,19.99
239323,11/6/23,5,FAN-6443902,PROD-0013,93.42973567798724,95.61346458947065
243132,8/14/23,5,FAN-5532874,PROD-0014,19.46204980055991,24.99
243132,8/14/23,2,FAN-5532874,PROD-0015,224.9405767939885,249.99
247378,8/14/23,6,FAN-1293887,PROD-0016,62.07014075419478,67.76229223393274
248301,12/24/23,6,FAN-6588568,PROD-0017,8.529106560103418,9.99
248493,2/6/24,2,FAN-5338519,PROD-0018,23.526938647130457,29.99
248493,2/6/24,4,FAN-5338519,PROD-0019,7.647176359139889,9.99
248493,2/6/24,8,FAN-5338519,PROD-0020,97.48146457054014,99.99
248493,2/6/24,9,FAN-5338519,PROD-0001,179.52034820781353,199.99
249014,8/28/23,9,FAN-3421186,PROD-0002,907.2257047282334,999.99
253783,8/31/23,8,FAN-4694466,PROD-0003,79.61819129335969,89.22543649382212
259624,2/3/24,5,FAN-5429490,PROD-0004,12.044914353605193,14.99
260367,9/14/23,8,FAN-4648879,PROD-0005,1676.6318197259493,1999.99
260491,1/14/24,8,FAN-4935652,PROD-0006,206.83160803817884,249.99
263575,11/18/23,7,FAN-1175288,PROD-0007,193.14477895134206,230.8911448421349
263575,11/18/23,7,FAN-1175288,PROD-0008,86.6922386214249,95.50640540010276
263575,11/18/23,8,FAN-1175288,PROD-0009,19.315838987305185,19.586316507770505
263575,11/18/23,1,FAN-1175288,PROD-0010,20.605001048309695,24.99
263575,11/18/23,4,FAN-1175288,PROD-0011,266.08232860839706,299.99
263575,11/18/23,2,FAN-1175288,PROD-0012,15.532412302036882,19.99
263575,11/18/23,8,FAN-1175288,PROD-0013,93.42973567798724,95.61346458947065
263575,11/18/23,1,FAN-1175288,PROD-0014,19.46204980055991,21.50990900274498
264837,9/13/23,7,FAN-3480833,PROD-0015,224.9405767939885,249.99
268255,12/13/23,2,FAN-8573412,PROD-0016,62.07014075419478,79.99
268255,12/13/23,7,FAN-8573412,PROD-0017,8.529106560103418,9.055179071488306
268255,12/13/23,5,FAN-8573412,PROD-0018,23.526938647130457,29.99
268778,12/2/23,5,FAN-4006863,PROD-0019,7.647176359139889,9.99
269543,12/12/23,8,FAN-2306653,PROD-0020,97.48146457054014,99.99
269543,12/12/23,1,FAN-2306653,PROD-0001,179.52034820781353,199.99
269543,12/12/23,6,FAN-2306653,PROD-0002,907.2257047282334,953.3824048764675
269847,2/8/24,2,FAN-2306653,PROD-0003,79.61819129335969,89.22543649382212
273115,9/24/23,3,FAN-4821689,PROD-0004,12.044914353605193,13.599503886850576
274686,12/22/23,2,FAN-7033922,PROD-0005,1676.6318197259493,1999.99
285176,10/7/23,4,FAN-7165972,PROD-0006,206.83160803817884,221.11697371701203
285176,10/7/23,6,FAN-7165972,PROD-0007,193.14477895134206,249.99
285176,10/7/23,1,FAN-7165972,PROD-0008,86.6922386214249,95.50640540010276
285176,10/7/23,2,FAN-7165972,PROD-0009,19.315838987305185,19.99
291454,9/3/23,5,FAN-8957898,PROD-0010,20.605001048309695,24.99
291454,9/3/23,3,FAN-8957898,PROD-0011,266.08232860839706,299.99
291454,9/3/23,5,FAN-8957898,PROD-0012,15.532412302036882,19.99
291454,9/3/23,2,FAN-8957898,PROD-0013,93.42973567798724,99.99
291717,8/21/23,8,FAN-4064652,PROD-0014,19.46204980055991,24.99
292764,11/2/23,6,FAN-2768906,PROD-0015,224.9405767939885,236.0136574124594
293131,12/11/23,2,FAN-2010151,PROD-0016,62.07014075419478,67.76229223393274
293131,12/11/23,1,FAN-2010151,PROD-0017,8.529106560103418,9.055179071488306
296221,12/26/23,2,FAN-3503668,PROD-0018,23.526938647130457,29.99
300494,9/3/23,5,FAN-1306732,PROD-0019,7.647176359139889,9.99
302325,8/31/23,4,FAN-2959449,PROD-0020,97.48146457054014,99.99
304170,9/18/23,2,FAN-9886517,PROD-0001,179.52034820781353,199.99
308489,8/18/23,4,FAN-2815399,PROD-0002,907.2257047282334,999.99
309056,11/17/23,4,FAN-9255968,PROD-0003,79.61819129335969,99.99
309908,10/10/23,9,FAN-1609646,PROD-0004,12.044914353605193,13.599503886850576
310607,10/21/23,9,FAN-4631058,PROD-0005,1676.6318197259493,1999.99
315146,10/18/23,1,FAN-8877754,PROD-0006,206.83160803817884,221.11697371701203
315258,12/31/23,8,FAN-1293887,PROD-0007,193.14477895134206,249.99
319816,1/26/24,1,FAN-8731197,PROD-0008,86.6922386214249,99.99
319816,1/26/24,5,FAN-8731197,PROD-0009,19.315838987305185,19.99
319816,1/26/24,5,FAN-8731197,PROD-0010,20.605001048309695,23.263587236990368
322495,10/2/23,8,FAN-6609153,PROD-0011,266.08232860839706,299.99
322495,10/2/23,1,FAN-6609153,PROD-0012,15.532412302036882,19.99
323483,1/12/24,6,FAN-6588568,PROD-0013,93.42973567798724,99.99
323922,11/18/23,1,FAN-4114651,PROD-0014,19.46204980055991,24.99
323922,11/18/23,9,FAN-4114651,PROD-0015,224.9405767939885,249.99
323992,10/12/23,7,FAN-4114651,PROD-0016,62.07014075419478,79.99
324173,11/4/23,9,FAN-3421186,PROD-0017,8.529106560103418,9.99
326874,1/11/24,7,FAN-4694466,PROD-0018,23.526938647130457,26.731338196024858
327033,12/5/23,4,FAN-5429490,PROD-0019,7.647176359139889,8.754691618584964
330140,12/24/23,3,FAN-3101105,PROD-0020,97.48146457054014,99.99
330140,12/24/23,2,FAN-3101105,PROD-0001,179.52034820781353,199.99
330140,12/24/23,4,FAN-3101105,PROD-0002,907.2257047282334,999.99
332171,10/22/23,4,FAN-8379456,PROD-0003,79.61819129335969,89.22543649382212
332171,10/22/23,4,FAN-8379456,PROD-0004,12.044914353605193,13.599503886850576
332171,10/22/23,9,FAN-8379456,PROD-0005,1676.6318197259493,1999.99
332171,10/22/23,9,FAN-8379456,PROD-0006,206.83160803817884,249.99
334579,11/10/23,1,FAN-4648879,PROD-0007,193.14477895134206,249.99
336000,8/17/23,8,FAN-5241210,PROD-0008,86.6922386214249,99.99
336000,8/17/23,5,FAN-5241210,PROD-0009,19.315838987305185,19.99
336000,8/17/23,4,FAN-5241210,PROD-0010,20.605001048309695,23.263587236990368
337072,11/10/23,6,FAN-2385979,PROD-0011,266.08232860839706,299.99
337072,11/10/23,4,FAN-2385979,PROD-0012,15.532412302036882,19.99
337072,11/10/23,6,FAN-2385979,PROD-0013,93.42973567798724,99.99
339954,1/29/24,4,FAN-1822456,PROD-0014,19.46204980055991,24.99
339954,1/29/24,1,FAN-1822456,PROD-0015,224.9405767939885,236.0136574124594
341947,9/8/23,1,FAN-6069281,PROD-0016,62.07014075419478,79.99
341947,9/8/23,5,FAN-6069281,PROD-0017,8.529106560103418,9.99
341947,9/8/23,6,FAN-6069281,PROD-0018,23.526938647130457,29.99
341947,9/8/23,4,FAN-6069281,PROD-0019,7.647176359139889,8.754691618584964
347726,9/11/23,1,FAN-4935652,PROD-0020,97.48146457054014,99.99
348039,12/6/23,1,FAN-3480833,PROD-0001,179.52034820781353,189.8958145558506
348523,10/31/23,1,FAN-4006863,PROD-0002,907.2257047282334,953.3824048764675
349532,10/13/23,1,FAN-4821689,PROD-0003,79.61819129335969,99.99
353400,12/31/23,8,FAN-7033922,PROD-0004,12.044914353605193,14.99
354190,12/27/23,3,FAN-4064652,PROD-0005,1676.6318197259493,1910.5971385674602
355285,8/27/23,4,FAN-2741024,PROD-0006,206.83160803817884,249.99
355285,8/27/23,1,FAN-2741024,PROD-0007,193.14477895134206,249.99
355285,8/27/23,8,FAN-2741024,PROD-0008,86.6922386214249,99.99
355285,8/27/23,2,FAN-2741024,PROD-0009,19.315838987305185,19.99
355285,8/27/23,6,FAN-2741024,PROD-0010,20.605001048309695,24.99
355285,8/27/23,5,FAN-2741024,PROD-0011,266.08232860839706,299.99
355285,8/27/23,1,FAN-2741024,PROD-0012,15.532412302036882,19.99
362494,1/15/24,5,FAN-2768906,PROD-0013,93.42973567798724,95.61346458947065
364032,1/12/24,3,FAN-3503668,PROD-0014,19.46204980055991,24.99
367385,9/14/23,2,FAN-1306732,PROD-0015,224.9405767939885,236.0136574124594
369638,2/5/24,4,FAN-2959449,PROD-0016,62.07014075419478,67.76229223393274
371587,9/7/23,4,FAN-6403070,PROD-0017,8.529106560103418,9.055179071488306
371587,9/7/23,4,FAN-6403070,PROD-0018,23.526938647130457,26.731338196024858
380385,9/2/23,9,FAN-9886517,PROD-0019,7.647176359139889,9.99
381754,12/23/23,2,FAN-2815399,PROD-0020,97.48146457054014,98.40334003377754
383762,12/15/23,9,FAN-2244761,PROD-0001,179.52034820781353,199.99
387208,11/24/23,6,FAN-9130200,PROD-0002,907.2257047282334,999.99
387208,11/24/23,1,FAN-9130200,PROD-0003,79.61819129335969,99.99
388951,8/20/23,8,FAN-1545810,PROD-0004,12.044914353605193,13.599503886850576
389482,12/22/23,5,FAN-8052991,PROD-0005,1676.6318197259493,1910.5971385674602
389482,12/22/23,6,FAN-8052991,PROD-0006,206.83160803817884,249.99
391169,12/16/23,2,FAN-6313568,PROD-0007,193.14477895134206,249.99
393241,11/21/23,4,FAN-7830774,PROD-0008,86.6922386214249,95.50640540010276
393512,12/12/23,7,FAN-8052991,PROD-0009,19.315838987305185,19.99
393512,12/12/23,8,FAN-8052991,PROD-0010,20.605001048309695,24.99
393512,12/12/23,5,FAN-8052991,PROD-0011,266.08232860839706,299.99
393749,10/17/23,3,FAN-8703655,PROD-0012,15.532412302036882,19.99
398040,9/6/23,3,FAN-5296137,PROD-0013,93.42973567798724,99.99
399281,9/2/23,3,FAN-3005348,PROD-0014,19.46204980055991,24.99
399281,9/2/23,8,FAN-3005348,PROD-0015,224.9405767939885,249.99
401938,10/23/23,9,FAN-8143164,PROD-0016,62.07014075419478,67.76229223393274
401938,10/23/23,8,FAN-8143164,PROD-0017,8.529106560103418,9.055179071488306
401938,10/23/23,5,FAN-8143164,PROD-0018,23.526938647130457,29.99
401938,10/23/23,2,FAN-8143164,PROD-0019,7.647176359139889,9.99
401938,10/23/23,1,FAN-8143164,PROD-0020,97.48146457054014,98.40334003377754
401938,10/23/23,5,FAN-8143164,PROD-0001,179.52034820781353,199.99
401938,10/23/23,5,FAN-8143164,PROD-0002,907.2257047282334,999.99
401938,10/23/23,1,FAN-8143164,PROD-0003,79.61819129335969,99.99
402786,8/22/23,6,FAN-6452215,PROD-0004,12.044914353605193,14.99
402932,9/29/23,4,FAN-2373198,PROD-0005,1676.6318197259493,1999.99
402932,9/29/23,4,FAN-2373198,PROD-0006,206.83160803817884,221.11697371701203
402932,9/29/23,2,FAN-2373198,PROD-0007,193.14477895134206,230.8911448421349
402932,9/29/23,8,FAN-2373198,PROD-0008,86.6922386214249,99.99
403315,9/26/23,5,FAN-6217465,PROD-0009,19.315838987305185,19.99
403315,9/26/23,4,FAN-6217465,PROD-0010,20.605001048309695,24.99
405601,10/2/23,4,FAN-8712304,PROD-0011,266.08232860839706,277.97574293571813
406313,9/20/23,9,FAN-1972995,PROD-0012,15.532412302036882,19.99
408199,12/10/23,8,FAN-3435455,PROD-0013,93.42973567798724,99.99
409109,11/22/23,6,FAN-1960602,PROD-0014,19.46204980055991,21.50990900274498
410335,11/24/23,7,FAN-1260526,PROD-0015,224.9405767939885,249.99
410335,11/24/23,7,FAN-1260526,PROD-0016,62.07014075419478,67.76229223393274
412000,8/20/23,5,FAN-2585654,PROD-0017,8.529106560103418,9.99
416023,10/14/23,6,FAN-7127838,PROD-0018,23.526938647130457,29.99
416277,8/19/23,7,FAN-2742716,PROD-0019,7.647176359139889,8.754691618584964
419432,9/9/23,5,FAN-1613492,PROD-0020,97.48146457054014,99.99
419823,8/27/23,3,FAN-8583850,PROD-0001,179.52034820781353,199.99
428363,10/26/23,5,FAN-7939695,PROD-0002,907.2257047282334,999.99
429621,8/27/23,9,FAN-7276113,PROD-0003,79.61819129335969,89.22543649382212
430866,10/30/23,9,FAN-1797243,PROD-0004,12.044914353605193,14.99
430900,1/5/24,4,FAN-8198382,PROD-0005,1676.6318197259493,1999.99
430900,1/5/24,2,FAN-8198382,PROD-0006,206.83160803817884,249.99
430900,1/5/24,9,FAN-8198382,PROD-0007,193.14477895134206,249.99
430900,1/5/24,2,FAN-8198382,PROD-0008,86.6922386214249,95.50640540010276
430948,1/3/24,9,FAN-1071081,PROD-0009,19.315838987305185,19.586316507770505
432112,1/6/24,2,FAN-1837426,PROD-0010,20.605001048309695,23.263587236990368
432699,2/6/24,8,FAN-2285564,PROD-0011,266.08232860839706,299.99
437200,9/22/23,2,FAN-8546429,PROD-0012,15.532412302036882,19.99
438621,10/18/23,6,FAN-6320785,PROD-0013,93.42973567798724,95.61346458947065
438839,11/27/23,1,FAN-7833074,PROD-0014,19.46204980055991,21.50990900274498
439180,9/26/23,7,FAN-8850457,PROD-0015,224.9405767939885,236.0136574124594
440519,11/9/23,6,FAN-4052700,PROD-0016,62.07014075419478,79.99
441730,11/5/23,4,FAN-2792670,PROD-0017,8.529106560103418,9.99
441730,11/5/23,9,FAN-2792670,PROD-0018,23.526938647130457,26.731338196024858
442010,1/10/24,8,FAN-5711714,PROD-0019,7.647176359139889,8.754691618584964
442010,1/10/24,8,FAN-5711714,PROD-0020,97.48146457054014,98.40334003377754
442010,1/10/24,6,FAN-5711714,PROD-0001,179.52034820781353,199.99
442010,1/10/24,7,FAN-5711714,PROD-0002,907.2257047282334,999.99
442010,1/10/24,8,FAN-5711714,PROD-0003,79.61819129335969,99.99
442010,1/10/24,7,FAN-5711714,PROD-0004,12.044914353605193,14.99
442010,1/10/24,6,FAN-5711714,PROD-0005,1676.6318197259493,1999.99
442010,1/10/24,5,FAN-5711714,PROD-0006,206.83160803817884,249.99
445335,10/31/23,3,FAN-8696017,PROD-0007,193.14477895134206,230.8911448421349
449032,10/8/23,3,FAN-1545374,PROD-0008,86.6922386214249,99.99
449516,9/20/23,6,FAN-6806240,PROD-0009,19.315838987305185,19.586316507770505
449986,11/2/23,7,FAN-6443902,PROD-0010,20.605001048309695,23.263587236990368
450010,9/8/23,6,FAN-5102264,PROD-0011,266.08232860839706,277.97574293571813
450836,1/19/24,7,FAN-5532874,PROD-0012,15.532412302036882,19.99
451870,8/29/23,6,FAN-4748204,PROD-0013,93.42973567798724,99.99
460338,8/24/23,1,FAN-8078831,PROD-0014,19.46204980055991,24.99
463183,11/18/23,8,FAN-1733338,PROD-0015,224.9405767939885,249.99
464633,2/1/24,4,FAN-9239338,PROD-0016,62.07014075419478,79.99
468212,11/25/23,1,FAN-7196370,PROD-0017,8.529106560103418,9.99
468481,1/3/24,8,FAN-9606728,PROD-0018,23.526938647130457,29.99
473116,9/12/23,6,FAN-4502391,PROD-0019,7.647176359139889,9.99
473995,9/17/23,8,FAN-7337276,PROD-0020,97.48146457054014,98.40334003377754
475758,8/26/23,3,FAN-7723409,PROD-0001,179.52034820781353,199.99
476118,10/27/23,4,FAN-6322324,PROD-0002,907.2257047282334,999.99
476118,10/27/23,7,FAN-6322324,PROD-0003,79.61819129335969,99.99
477365,11/10/23,9,FAN-7007002,PROD-0004,12.044914353605193,13.599503886850576
477365,11/10/23,3,FAN-8641093,PROD-0005,1676.6318197259493,1999.99
478039,10/4/23,1,FAN-9776469,PROD-0006,206.83160803817884,249.99
480522,11/2/23,6,FAN-3961981,PROD-0007,193.14477895134206,249.99
482080,9/22/23,7,FAN-8771501,PROD-0008,86.6922386214249,99.99
483585,11/23/23,8,FAN-3007236,PROD-0009,19.315838987305185,19.99
487878,1/29/24,7,FAN-2410974,PROD-0010,20.605001048309695,24.99
491850,9/15/23,9,FAN-2390444,PROD-0011,266.08232860839706,299.99
492916,1/24/24,2,FAN-9794581,PROD-0012,15.532412302036882,16.853492203853268
492916,1/24/24,5,FAN-9794581,PROD-0013,93.42973567798724,99.99
492916,1/24/24,8,FAN-9794581,PROD-0014,19.46204980055991,24.99
495306,9/11/23,6,FAN-8573412,PROD-0015,224.9405767939885,249.99
496908,9/23/23,4,FAN-4899454,PROD-0016,62.07014075419478,79.99
498054,11/18/23,2,FAN-8877754,PROD-0017,8.529106560103418,9.99
498054,11/18/23,6,FAN-8877754,PROD-0018,23.526938647130457,29.99
502551,1/27/24,3,FAN-3383275,PROD-0019,7.647176359139889,8.754691618584964
509924,9/8/23,3,FAN-4648879,PROD-0020,97.48146457054014,99.99
509924,9/8/23,7,FAN-4648879,PROD-0001,179.52034820781353,199.99
511920,11/25/23,2,FAN-9951084,PROD-0002,907.2257047282334,999.99
512435,12/13/23,5,FAN-3347106,PROD-0003,79.61819129335969,99.99
512568,11/7/23,7,FAN-7033922,PROD-0004,12.044914353605193,14.99
512568,11/7/23,7,FAN-7033922,PROD-0005,1676.6318197259493,1999.99
512568,11/7/23,2,FAN-7033922,PROD-0006,206.83160803817884,249.99
512655,10/17/23,5,FAN-1306732,PROD-0007,193.14477895134206,249.99
512655,10/17/23,7,FAN-1306732,PROD-0008,86.6922386214249,99.99
512655,10/17/23,2,FAN-1306732,PROD-0009,19.315838987305185,19.586316507770505
512710,8/22/23,7,FAN-9606728,PROD-0010,20.605001048309695,24.99
514773,1/26/24,7,FAN-1613492,PROD-0011,266.08232860839706,299.99
514773,1/26/24,9,FAN-1613492,PROD-0012,15.532412302036882,19.99
515886,10/28/23,8,FAN-4502391,PROD-0013,93.42973567798724,99.99
518982,1/30/24,7,FAN-7337276,PROD-0014,19.46204980055991,24.99
519855,11/11/23,3,FAN-7723409,PROD-0015,224.9405767939885,249.99
520694,8/18/23,1,FAN-7007002,PROD-0016,62.07014075419478,67.76229223393274
525785,12/20/23,5,FAN-8641093,PROD-0017,8.529106560103418,9.99
527833,10/22/23,4,FAN-9776469,PROD-0018,23.526938647130457,29.99
529100,12/7/23,7,FAN-3961981,PROD-0019,7.647176359139889,8.754691618584964
529385,9/23/23,6,FAN-8771501,PROD-0020,97.48146457054014,99.99
533906,12/3/23,8,FAN-8850457,PROD-0001,179.52034820781353,189.8958145558506
533906,12/3/23,5,FAN-8850457,PROD-0002,907.2257047282334,999.99
541279,10/1/23,8,FAN-3007236,PROD-0003,79.61819129335969,99.99
541734,11/11/23,3,FAN-2410974,PROD-0004,12.044914353605193,13.599503886850576
548404,11/30/23,3,FAN-2390444,PROD-0005,1676.6318197259493,1999.99
550664,12/26/23,6,FAN-8573412,PROD-0006,206.83160803817884,249.99
551977,12/20/23,9,FAN-4899454,PROD-0007,193.14477895134206,249.99
554518,11/17/23,4,FAN-3383275,PROD-0008,86.6922386214249,95.50640540010276
555154,10/8/23,3,FAN-9951084,PROD-0009,19.315838987305185,19.99
557279,12/31/23,4,FAN-5102264,PROD-0010,20.605001048309695,24.99
557279,12/31/23,4,FAN-5102264,PROD-0011,266.08232860839706,299.99
557279,12/31/23,4,FAN-5102264,PROD-0012,15.532412302036882,19.99
557279,12/31/23,8,FAN-5102264,PROD-0013,93.42973567798724,99.99
557279,12/31/23,3,FAN-5102264,PROD-0014,19.46204980055991,21.50990900274498
557279,12/31/23,9,FAN-5102264,PROD-0015,224.9405767939885,249.99
557279,12/31/23,1,FAN-5102264,PROD-0016,62.07014075419478,79.99
557279,12/31/23,1,FAN-5102264,PROD-0017,8.529106560103418,9.055179071488306
557279,12/31/23,6,FAN-5102264,PROD-0018,23.526938647130457,29.99
557647,10/6/23,6,FAN-5102264,PROD-0019,7.647176359139889,8.754691618584964
561696,12/1/23,1,FAN-9239338,PROD-0020,97.48146457054014,99.99
561696,12/1/23,4,FAN-9239338,PROD-0001,179.52034820781353,189.8958145558506
561696,12/1/23,9,FAN-9239338,PROD-0002,907.2257047282334,999.99
563077,12/13/23,3,FAN-3347106,PROD-0003,79.61819129335969,89.22543649382212
564109,9/11/23,6,FAN-9606728,PROD-0004,12.044914353605193,14.99
568756,11/30/23,3,FAN-4502391,PROD-0005,1676.6318197259493,1910.5971385674602
570295,11/5/23,7,FAN-1173911,PROD-0006,206.83160803817884,221.11697371701203
570295,11/5/23,5,FAN-1173911,PROD-0007,193.14477895134206,230.8911448421349
570295,11/5/23,6,FAN-1173911,PROD-0008,86.6922386214249,99.99
570295,11/5/23,7,FAN-1173911,PROD-0009,19.315838987305185,19.99
570295,11/5/23,3,FAN-1173911,PROD-0010,20.605001048309695,24.99
570295,11/5/23,7,FAN-1173911,PROD-0011,266.08232860839706,277.97574293571813
570295,11/5/23,9,FAN-1173911,PROD-0012,15.532412302036882,19.99
570295,11/5/23,2,FAN-1173911,PROD-0013,93.42973567798724,99.99
570398,2/10/24,1,FAN-7337276,PROD-0014,19.46204980055991,24.99
572731,11/7/23,7,FAN-7723409,PROD-0015,224.9405767939885,249.99
572993,10/15/23,4,FAN-7337276,PROD-0016,62.07014075419478,79.99
572993,10/15/23,8,FAN-7337276,PROD-0017,8.529106560103418,9.055179071488306
575155,10/4/23,5,FAN-7007002,PROD-0018,23.526938647130457,29.99
577386,1/2/24,9,FAN-3961981,PROD-0019,7.647176359139889,9.99
577386,1/2/24,2,FAN-3961981,PROD-0020,97.48146457054014,99.99
577386,1/2/24,8,FAN-3961981,PROD-0001,179.52034820781353,189.8958145558506
579928,11/29/23,4,FAN-8573412,PROD-0002,907.2257047282334,999.99
579928,11/29/23,8,FAN-8573412,PROD-0003,79.61819129335969,99.99
579928,11/29/23,4,FAN-8573412,PROD-0004,12.044914353605193,14.99
582976,9/14/23,3,FAN-8641093,PROD-0005,1676.6318197259493,1999.99
585167,9/27/23,7,FAN-9776469,PROD-0006,206.83160803817884,221.11697371701203
586372,10/30/23,3,FAN-3961981,PROD-0007,193.14477895134206,230.8911448421349
590328,8/14/23,7,FAN-8771501,PROD-0008,86.6922386214249,99.99
591752,12/18/23,5,FAN-3007236,PROD-0009,19.315838987305185,19.99
594180,8/14/23,9,FAN-2410974,PROD-0010,20.605001048309695,24.99
595210,10/27/23,7,FAN-6710556,PROD-0011,266.08232860839706,299.99
595210,10/27/23,9,FAN-6710556,PROD-0012,15.532412302036882,19.99
600296,11/1/23,8,FAN-2390444,PROD-0013,93.42973567798724,99.99
600960,9/2/23,7,FAN-8573412,PROD-0014,19.46204980055991,24.99
603518,8/14/23,8,FAN-4899454,PROD-0015,224.9405767939885,249.99
604427,9/19/23,7,FAN-3383275,PROD-0016,62.07014075419478,79.99
611473,10/25/23,9,FAN-9951084,PROD-0017,8.529106560103418,9.055179071488306
614544,12/26/23,1,FAN-3347106,PROD-0018,23.526938647130457,26.731338196024858
615373,2/5/24,5,FAN-8622033,PROD-0019,7.647176359139889,9.99
616904,9/24/23,2,FAN-2810948,PROD-0020,97.48146457054014,99.99
617547,12/30/23,8,FAN-3347106,PROD-0001,179.52034820781353,199.99
617547,12/30/23,4,FAN-3347106,PROD-0002,907.2257047282334,999.99
617547,12/30/23,2,FAN-3347106,PROD-0003,79.61819129335969,89.22543649382212
617761,8/14/23,6,FAN-1234078,PROD-0004,12.044914353605193,13.599503886850576
618935,9/15/23,6,FAN-1582928,PROD-0005,1676.6318197259493,1999.99
618935,9/15/23,3,FAN-1582928,PROD-0006,206.83160803817884,249.99
618935,9/15/23,2,FAN-1582928,PROD-0007,193.14477895134206,249.99
618935,9/15/23,4,FAN-1582928,PROD-0008,86.6922386214249,99.99
618935,9/15/23,9,FAN-1582928,PROD-0009,19.315838987305185,19.99
618935,9/15/23,2,FAN-1582928,PROD-0010,20.605001048309695,24.99
618935,9/15/23,8,FAN-1582928,PROD-0011,266.08232860839706,277.97574293571813
618935,9/15/23,2,FAN-1582928,PROD-0012,15.532412302036882,19.99
627105,9/4/23,9,FAN-4114651,PROD-0013,93.42973567798724,99.99
631892,9/21/23,7,FAN-2266113,PROD-0014,19.46204980055991,21.50990900274498
632061,11/16/23,5,FAN-8832440,PROD-0015,224.9405767939885,249.99
634164,10/7/23,8,FAN-3453369,PROD-0016,62.07014075419478,67.76229223393274
634164,10/7/23,8,FAN-3453369,PROD-0017,8.529106560103418,9.99
634164,10/7/23,4,FAN-3453369,PROD-0018,23.526938647130457,29.99
634199,12/1/23,6,FAN-7165972,PROD-0019,7.647176359139889,9.99
634199,12/1/23,8,FAN-7165972,PROD-0020,97.48146457054014,99.99
637206,10/25/23,1,FAN-7165972,PROD-0001,179.52034820781353,199.99
638060,9/17/23,1,FAN-7165972,PROD-0002,907.2257047282334,999.99
638060,9/17/23,9,FAN-7165972,PROD-0003,79.61819129335969,99.99
638060,9/17/23,9,FAN-7165972,PROD-0004,12.044914353605193,14.99
643457,1/11/24,7,FAN-1870592,PROD-0005,1676.6318197259493,1999.99
644304,10/16/23,5,FAN-7227009,PROD-0006,206.83160803817884,249.99
646298,1/10/24,7,FAN-3101105,PROD-0007,193.14477895134206,249.99
647116,9/7/23,4,FAN-1888427,PROD-0008,86.6922386214249,95.50640540010276
647211,9/17/23,3,FAN-1891941,PROD-0009,19.315838987305185,19.99
648669,2/9/24,9,FAN-2873227,PROD-0010,20.605001048309695,24.99
648669,2/9/24,4,FAN-2873227,PROD-0011,266.08232860839706,299.99
649067,1/9/24,8,FAN-3738861,PROD-0012,15.532412302036882,19.99
649110,10/28/23,7,FAN-7603796,PROD-0013,93.42973567798724,99.99
649110,10/28/23,9,FAN-7603796,PROD-0014,19.46204980055991,21.50990900274498
649110,10/28/23,9,FAN-7603796,PROD-0015,224.9405767939885,249.99
654678,9/14/23,5,FAN-8379456,PROD-0016,62.07014075419478,79.99
655850,10/27/23,5,FAN-2139863,PROD-0017,8.529106560103418,9.99
660766,12/24/23,5,FAN-8622033,PROD-0018,23.526938647130457,29.99
660766,12/24/23,1,FAN-8622033,PROD-0019,7.647176359139889,9.99
663372,11/19/23,2,FAN-6719098,PROD-0020,97.48146457054014,99.99
663384,11/28/23,1,FAN-9915318,PROD-0001,179.52034820781353,199.99
663783,11/15/23,6,FAN-8622033,PROD-0002,907.2257047282334,953.3824048764675
665756,9/12/23,7,FAN-2810948,PROD-0003,79.61819129335969,89.22543649382212
670444,12/18/23,6,FAN-1234078,PROD-0004,12.044914353605193,13.599503886850576
671702,10/7/23,3,FAN-2266113,PROD-0005,1676.6318197259493,1910.5971385674602
671702,10/7/23,9,FAN-2266113,PROD-0006,206.83160803817884,249.99
679777,9/2/23,5,FAN-4114651,PROD-0007,193.14477895134206,230.8911448421349
680330,9/14/23,8,FAN-3984236,PROD-0008,86.6922386214249,99.99
680330,9/14/23,1,FAN-3984236,PROD-0009,19.315838987305185,19.99
680330,9/14/23,8,FAN-3984236,PROD-0010,20.605001048309695,23.263587236990368
680330,9/14/23,7,FAN-3984236,PROD-0011,266.08232860839706,277.97574293571813
680330,9/14/23,4,FAN-3984236,PROD-0012,15.532412302036882,19.99
681327,12/16/23,4,FAN-5241210,PROD-0013,93.42973567798724,95.61346458947065
681327,12/16/23,7,FAN-5241210,PROD-0014,19.46204980055991,24.99
681327,12/16/23,7,FAN-5241210,PROD-0015,224.9405767939885,236.0136574124594
685142,11/11/23,5,FAN-2266113,PROD-0016,62.07014075419478,79.99
691927,1/7/24,6,FAN-8832440,PROD-0017,8.529106560103418,9.055179071488306
692236,12/25/23,4,FAN-3101105,PROD-0018,23.526938647130457,26.731338196024858
692236,12/25/23,5,FAN-3101105,PROD-0019,7.647176359139889,9.99
692823,10/8/23,9,FAN-1870592,PROD-0020,97.48146457054014,99.99
697813,11/23/23,6,FAN-9664582,PROD-0001,179.52034820781353,199.99
697813,11/23/23,7,FAN-9664582,PROD-0002,907.2257047282334,999.99
697813,11/23/23,9,FAN-9664582,PROD-0003,79.61819129335969,99.99
706186,10/24/23,7,FAN-7227009,PROD-0004,12.044914353605193,14.99
707281,8/31/23,8,FAN-3101105,PROD-0005,1676.6318197259493,1999.99
708585,8/24/23,5,FAN-1888427,PROD-0006,206.83160803817884,221.11697371701203
709880,9/6/23,2,FAN-1891941,PROD-0007,193.14477895134206,249.99
710012,1/7/24,4,FAN-3738861,PROD-0008,86.6922386214249,99.99
711283,12/2/23,3,FAN-8379456,PROD-0009,19.315838987305185,19.99
712029,12/16/23,2,FAN-2139863,PROD-0010,20.605001048309695,24.99
715148,8/23/23,2,FAN-6719098,PROD-0011,266.08232860839706,299.99
718309,1/18/24,8,FAN-1570540,PROD-0012,15.532412302036882,16.853492203853268
718309,1/18/24,1,FAN-1570540,PROD-0013,93.42973567798724,99.99
718309,1/18/24,1,FAN-1570540,PROD-0014,19.46204980055991,24.99
718668,9/17/23,2,FAN-6969291,PROD-0015,224.9405767939885,249.99
718668,9/17/23,5,FAN-6969291,PROD-0016,62.07014075419478,79.99
718668,9/17/23,4,FAN-6969291,PROD-0017,8.529106560103418,9.99
721010,8/24/23,1,FAN-9915318,PROD-0018,23.526938647130457,29.99
723404,9/25/23,4,FAN-5021721,PROD-0019,7.647176359139889,9.99
723404,9/25/23,2,FAN-5021721,PROD-0020,97.48146457054014,99.99
723412,9/30/23,5,FAN-3984236,PROD-0001,179.52034820781353,199.99
724093,9/26/23,4,FAN-9704369,PROD-0002,907.2257047282334,953.3824048764675
727062,12/17/23,6,FAN-5846137,PROD-0003,79.61819129335969,99.99
727541,10/6/23,7,FAN-7419788,PROD-0004,12.044914353605193,13.599503886850576
727541,10/6/23,5,FAN-7419788,PROD-0005,1676.6318197259493,1910.5971385674602
727541,10/6/23,2,FAN-7419788,PROD-0006,206.83160803817884,249.99
729231,10/2/23,1,FAN-3768183,PROD-0007,193.14477895134206,230.8911448421349
731670,12/1/23,3,FAN-6217413,PROD-0008,86.6922386214249,99.99
736091,12/26/23,7,FAN-3992782,PROD-0009,19.315838987305185,19.99
740394,11/13/23,9,FAN-8737687,PROD-0010,20.605001048309695,24.99
740394,11/13/23,5,FAN-8737687,PROD-0011,266.08232860839706,299.99
744187,8/26/23,8,FAN-4039618,PROD-0012,15.532412302036882,19.99
749440,10/16/23,4,FAN-7404798,PROD-0013,93.42973567798724,95.61346458947065
750483,11/22/23,5,FAN-9925460,PROD-0014,19.46204980055991,24.99
753795,1/8/24,4,FAN-2602971,PROD-0015,224.9405767939885,249.99
756455,9/27/23,1,FAN-9425182,PROD-0016,62.07014075419478,79.99
757641,11/18/23,1,FAN-9743416,PROD-0017,8.529106560103418,9.99
759300,1/27/24,8,FAN-5580824,PROD-0018,23.526938647130457,29.99
759300,1/27/24,2,FAN-5580824,PROD-0019,7.647176359139889,9.99
759300,1/27/24,4,FAN-5580824,PROD-0020,97.48146457054014,98.40334003377754
759300,1/27/24,9,FAN-5580824,PROD-0001,179.52034820781353,189.8958145558506
759709,1/8/24,8,FAN-5577886,PROD-0002,907.2257047282334,999.99
762165,12/7/23,2,FAN-7870436,PROD-0003,79.61819129335969,99.99
762891,10/1/23,4,FAN-2677231,PROD-0004,12.044914353605193,14.99
764071,10/28/23,8,FAN-2142178,PROD-0005,1676.6318197259493,1910.5971385674602
768711,10/16/23,5,FAN-4493681,PROD-0006,206.83160803817884,249.99
771743,9/17/23,6,FAN-3046129,PROD-0007,193.14477895134206,249.99
772780,1/10/24,6,FAN-4260800,PROD-0008,86.6922386214249,99.99
772780,1/10/24,7,FAN-4260800,PROD-0009,19.315838987305185,19.99
772871,11/27/23,7,FAN-9704369,PROD-0010,20.605001048309695,24.99
774524,12/26/23,7,FAN-5846137,PROD-0011,266.08232860839706,299.99
774562,2/7/24,4,FAN-3768183,PROD-0012,15.532412302036882,19.99
775739,12/8/23,5,FAN-6217413,PROD-0013,93.42973567798724,99.99
775940,9/29/23,8,FAN-3992782,PROD-0014,19.46204980055991,21.50990900274498
776016,8/22/23,9,FAN-4039618,PROD-0015,224.9405767939885,236.0136574124594
776889,8/20/23,2,FAN-5044681,PROD-0016,62.07014075419478,79.99
776889,8/20/23,2,FAN-5044681,PROD-0017,8.529106560103418,9.99
776889,8/20/23,1,FAN-5044681,PROD-0018,23.526938647130457,29.99
777568,9/17/23,3,FAN-4979379,PROD-0019,7.647176359139889,9.99
777568,9/17/23,4,FAN-4979379,PROD-0020,97.48146457054014,99.99
779865,9/27/23,5,FAN-7404798,PROD-0001,179.52034820781353,199.99
780436,12/1/23,6,FAN-7834466,PROD-0002,907.2257047282334,953.3824048764675
780436,12/1/23,8,FAN-7834466,PROD-0003,79.61819129335969,89.22543649382212
780436,12/1/23,6,FAN-7834466,PROD-0004,12.044914353605193,14.99
782158,9/14/23,6,FAN-9925460,PROD-0005,1676.6318197259493,1999.99
784463,9/10/23,4,FAN-2602971,PROD-0006,206.83160803817884,249.99
785508,12/21/23,3,FAN-4979379,PROD-0007,193.14477895134206,230.8911448421349
785508,12/21/23,4,FAN-4979379,PROD-0008,86.6922386214249,99.99
785965,11/26/23,3,FAN-9425182,PROD-0009,19.315838987305185,19.586316507770505
789229,9/21/23,1,FAN-9743416,PROD-0010,20.605001048309695,24.99
789562,1/5/24,9,FAN-5577886,PROD-0011,266.08232860839706,277.97574293571813
792202,11/16/23,1,FAN-7870436,PROD-0012,15.532412302036882,19.99
792636,2/2/24,1,FAN-7560477,PROD-0013,93.42973567798724,95.61346458947065
792636,2/2/24,9,FAN-7560477,PROD-0014,19.46204980055991,24.99
792636,2/2/24,6,FAN-7560477,PROD-0015,224.9405767939885,236.0136574124594
792636,2/2/24,4,FAN-7560477,PROD-0016,62.07014075419478,67.76229223393274
792636,2/2/24,8,FAN-7560477,PROD-0017,8.529106560103418,9.99
792636,2/2/24,6,FAN-7560477,PROD-0018,23.526938647130457,29.99
796675,11/13/23,4,FAN-2677231,PROD-0019,7.647176359139889,9.99
797315,12/12/23,8,FAN-2142178,PROD-0020,97.48146457054014,98.40334003377754
797879,2/9/24,4,FAN-8905198,PROD-0001,179.52034820781353,199.99
797879,2/9/24,8,FAN-8905198,PROD-0002,907.2257047282334,953.3824048764675
797879,2/9/24,4,FAN-8905198,PROD-0003,79.61819129335969,89.22543649382212
798806,9/1/23,2,FAN-4493681,PROD-0004,12.044914353605193,14.99
803170,9/6/23,2,FAN-8090324,PROD-0005,1676.6318197259493,1999.99
803170,9/6/23,3,FAN-8090324,PROD-0006,206.83160803817884,249.99
804235,9/24/23,5,FAN-3046129,PROD-0007,193.14477895134206,249.99
805445,9/8/23,5,FAN-9704369,PROD-0008,86.6922386214249,95.50640540010276
807363,9/17/23,3,FAN-5846137,PROD-0009,19.315838987305185,19.99
809703,9/16/23,9,FAN-4774750,PROD-0010,20.605001048309695,24.99
809703,9/16/23,9,FAN-4774750,PROD-0011,266.08232860839706,299.99
809703,9/16/23,1,FAN-4774750,PROD-0012,15.532412302036882,19.99
809703,9/16/23,5,FAN-4774750,PROD-0013,93.42973567798724,99.99
809703,9/16/23,3,FAN-4774750,PROD-0014,19.46204980055991,21.50990900274498
810138,2/1/24,1,FAN-3768183,PROD-0015,224.9405767939885,249.99
812448,1/30/24,4,FAN-6217413,PROD-0016,62.07014075419478,79.99
813464,1/8/24,5,FAN-3992782,PROD-0017,8.529106560103418,9.99
815964,8/21/23,6,FAN-4039618,PROD-0018,23.526938647130457,29.99
817069,9/16/23,6,FAN-3433993,PROD-0019,7.647176359139889,9.99
817069,9/16/23,6,FAN-3433993,PROD-0020,97.48146457054014,99.99
818136,9/24/23,1,FAN-3943223,PROD-0001,179.52034820781353,199.99
818136,9/24/23,6,FAN-3943223,PROD-0002,907.2257047282334,999.99
818905,2/7/24,2,FAN-7404798,PROD-0003,79.61819129335969,89.22543649382212
821839,12/30/23,8,FAN-9925460,PROD-0004,12.044914353605193,14.99
823543,1/8/24,3,FAN-2602971,PROD-0005,1676.6318197259493,1999.99
823921,1/27/24,7,FAN-9425182,PROD-0006,206.83160803817884,249.99
828072,8/24/23,9,FAN-9743416,PROD-0007,193.14477895134206,230.8911448421349
830071,1/30/24,4,FAN-5577886,PROD-0008,86.6922386214249,99.99
830952,10/10/23,7,FAN-7870436,PROD-0009,19.315838987305185,19.99
831066,11/7/23,2,FAN-1822456,PROD-0010,20.605001048309695,23.263587236990368
831831,10/5/23,6,FAN-2677231,PROD-0011,266.08232860839706,299.99
841184,11/3/23,1,FAN-1822456,PROD-0012,15.532412302036882,19.99
841184,11/3/23,8,FAN-1822456,PROD-0013,93.42973567798724,99.99
841184,11/3/23,5,FAN-1822456,PROD-0014,19.46204980055991,21.50990900274498
843126,11/9/23,5,FAN-2142178,PROD-0015,224.9405767939885,236.0136574124594
844949,9/6/23,9,FAN-4493681,PROD-0016,62.07014075419478,79.99
845182,11/20/23,9,FAN-6879382,PROD-0017,8.529106560103418,9.99
845182,11/20/23,8,FAN-6879382,PROD-0018,23.526938647130457,29.99
845182,11/20/23,4,FAN-6879382,PROD-0019,7.647176359139889,8.754691618584964
845182,11/20/23,2,FAN-6879382,PROD-0020,97.48146457054014,98.40334003377754
845182,11/20/23,7,FAN-6879382,PROD-0001,179.52034820781353,189.8958145558506
846390,2/9/24,6,FAN-3046129,PROD-0002,907.2257047282334,999.99
846931,8/25/23,5,FAN-2602971,PROD-0003,79.61819129335969,89.22543649382212
847435,11/20/23,6,FAN-8432214,PROD-0004,12.044914353605193,13.599503886850576
847435,11/20/23,7,FAN-8432214,PROD-0005,1676.6318197259493,1999.99
847435,11/20/23,7,FAN-8432214,PROD-0006,206.83160803817884,221.11697371701203
849454,11/17/23,2,FAN-6403070,PROD-0007,193.14477895134206,249.99
849454,11/17/23,4,FAN-6403070,PROD-0008,86.6922386214249,95.50640540010276
849630,1/27/24,9,FAN-9425182,PROD-0009,19.315838987305185,19.586316507770505
851018,10/19/23,7,FAN-6403070,PROD-0010,20.605001048309695,24.99
851018,10/19/23,7,FAN-6403070,PROD-0011,266.08232860839706,299.99
851018,10/19/23,9,FAN-6403070,PROD-0012,15.532412302036882,19.99
852883,11/4/23,9,FAN-9743416,PROD-0013,93.42973567798724,95.61346458947065
854079,8/27/23,4,FAN-5577886,PROD-0014,19.46204980055991,24.99
854476,12/16/23,5,FAN-7870436,PROD-0015,224.9405767939885,249.99
860946,11/24/23,1,FAN-9915193,PROD-0016,62.07014075419478,79.99
860946,11/24/23,3,FAN-9915193,PROD-0017,8.529106560103418,9.99
860946,11/24/23,4,FAN-9915193,PROD-0018,23.526938647130457,29.99
860946,11/24/23,6,FAN-9915193,PROD-0019,7.647176359139889,8.754691618584964
860946,11/24/23,9,FAN-9915193,PROD-0020,97.48146457054014,99.99
861058,1/31/24,6,FAN-9915193,PROD-0001,179.52034820781353,189.8958145558506
862884,2/3/24,5,FAN-9915193,PROD-0002,907.2257047282334,999.99
864764,11/13/23,6,FAN-9915193,PROD-0003,79.61819129335969,99.99
868658,11/30/23,8,FAN-9915193,PROD-0004,12.044914353605193,14.99
870123,1/28/24,8,FAN-2677231,PROD-0005,1676.6318197259493,1999.99
870128,12/21/23,5,FAN-6192922,PROD-0006,206.83160803817884,249.99
870128,12/21/23,8,FAN-6192922,PROD-0007,193.14477895134206,249.99
870128,12/21/23,3,FAN-6192922,PROD-0008,86.6922386214249,99.99
870527,11/26/23,2,FAN-2142178,PROD-0009,19.315838987305185,19.99
873688,12/21/23,9,FAN-3152141,PROD-0010,20.605001048309695,24.99
873688,12/21/23,3,FAN-3152141,PROD-0011,266.08232860839706,277.97574293571813
877410,8/17/23,7,FAN-4493681,PROD-0012,15.532412302036882,19.99
879020,10/6/23,5,FAN-2677231,PROD-0013,93.42973567798724,95.61346458947065
881842,12/14/23,1,FAN-5630273,PROD-0014,19.46204980055991,21.50990900274498
881842,12/14/23,2,FAN-5630273,PROD-0015,224.9405767939885,249.99
881842,12/14/23,4,FAN-5630273,PROD-0016,62.07014075419478,79.99
881842,12/14/23,5,FAN-5630273,PROD-0017,8.529106560103418,9.99
883130,9/4/23,6,FAN-5974286,PROD-0018,23.526938647130457,29.99
883130,9/4/23,1,FAN-5974286,PROD-0019,7.647176359139889,9.99
883130,9/4/23,7,FAN-5974286,PROD-0020,97.48146457054014,98.40334003377754
883798,11/24/23,5,FAN-6246845,PROD-0001,179.52034820781353,199.99
885368,11/20/23,2,FAN-6246845,PROD-0002,907.2257047282334,999.99
885368,11/20/23,5,FAN-6246845,PROD-0003,79.61819129335969,99.99
885368,11/20/23,5,FAN-6246845,PROD-0004,12.044914353605193,14.99
885490,10/9/23,4,FAN-2142178,PROD-0005,1676.6318197259493,1910.5971385674602
899046,9/17/23,3,FAN-4493681,PROD-0006,206.83160803817884,249.99